SampleMethod,SPP,Time
4,2,4.29592
4,4,8.51169
4,8,17.2077
4,16,36.8203
4,32,74.1613
4,64,147.327
4,128,292.414
